URL,Version,Status,OIDs,Name,Title,Description,Used
http://hl7.org/fhir/address-type,4.0.1,active,"2.16.840.1.113883.4.642.4.70",AddressType,AddressType,"The type of an address (physical / postal).","ValueSet/address-type"
http://hl7.org/fhir/address-use,4.0.1,active,"2.16.840.1.113883.4.642.4.68",AddressUse,AddressUse,"The use of an address.","ValueSet/address-use"
http://hl7.org/fhir/administrative-gender,4.0.1,active,"2.16.840.1.113883.4.642.4.2",AdministrativeGender,AdministrativeGender,"The gender of a person used for administrative purposes.","ValueSet/administrative-gender"
http://hl7.org/fhir/bundle-type,4.0.1,active,"2.16.840.1.113883.4.642.4.621",BundleType,BundleType,"Indicates the purpose of a bundle - how it is intended to be used.","ValueSet/bundle-type"
http://hl7.org/fhir/care-plan-activity-status,4.0.1,draft,"2.16.840.1.113883.4.642.4.147",CarePlanActivityStatus,CarePlanActivityStatus,"Codes that reflect the current state of a care plan activity within its overall life cycle.","ValueSet/care-plan-activity-status"
http://hl7.org/fhir/care-team-status,4.0.1,draft,"2.16.840.1.113883.4.642.4.154",CareTeamStatus,CareTeamStatus,"Indicates the status of the care team.","ValueSet/care-team-status"
http://hl7.org/fhir/composition-attestation-mode,4.0.1,draft,"2.16.840.1.113883.4.642.4.239",CompositionAttestationMode,CompositionAttestationMode,"The way in which a person authenticated a composition.","ValueSet/composition-attestation-mode"
http://hl7.org/fhir/composition-status,4.0.1,draft,"2.16.840.1.113883.4.642.4.242",CompositionStatus,CompositionStatus,"The workflow/clinical status of the composition.","ValueSet/composition-status"
http://hl7.org/fhir/contact-point-system,4.0.1,active,"2.16.840.1.113883.4.642.4.72",ContactPointSystem,ContactPointSystem,"Telecommunications form for contact point.","ValueSet/contact-point-system"
http://hl7.org/fhir/contact-point-use,4.0.1,active,"2.16.840.1.113883.4.642.4.74",ContactPointUse,ContactPointUse,"Use of contact point.","ValueSet/contact-point-use"
http://hl7.org/fhir/days-of-week,4.0.1,active,"2.16.840.1.113883.4.642.4.513",DaysOfWeek,DaysOfWeek,"The days of the week.","ValueSet/days-of-week"
http://hl7.org/fhir/document-relationship-type,4.0.1,draft,"2.16.840.1.113883.4.642.4.245",DocumentRelationshipType,DocumentRelationshipType,"The type of relationship between documents.","ValueSet/document-relationship-type"
http://hl7.org/fhir/goal-status,4.0.1,draft,"2.16.840.1.113883.4.642.4.272",GoalLifecycleStatus,GoalLifecycleStatus,"Codes that reflect the current state of a goal and whether the goal is still being targeted.","ValueSet/goal-status"
http://hl7.org/fhir/http-verb,4.0.1,active,"2.16.840.1.113883.4.642.4.625",HTTPVerb,HTTPVerb,"HTTP verbs (in the HTTP command line). See [HTTP rfc](https://tools.ietf.org/html/rfc7231) for details.","ValueSet/http-verb"
http://hl7.org/fhir/identifier-use,4.0.1,active,"2.16.840.1.113883.4.642.4.58",IdentifierUse,IdentifierUse,"Identifies the purpose for this identifier, if known .","ValueSet/identifier-use"
http://hl7.org/fhir/item-type,4.0.1,draft,"2.16.840.1.113883.4.642.4.445",QuestionnaireItemType,QuestionnaireItemType,"Distinguishes groups from questions and display text and indicates data type for questions.","ValueSet/item-type"
http://hl7.org/fhir/link-type,4.0.1,active,"2.16.840.1.113883.4.642.4.424",LinkType,LinkType,"The type of link between this patient resource and another patient resource.","ValueSet/link-type"
http://hl7.org/fhir/list-mode,4.0.1,draft,"2.16.840.1.113883.4.642.4.319",ListMode,ListMode,"The processing mode that applies to this list.","ValueSet/list-mode"
http://hl7.org/fhir/name-use,4.0.1,active,"2.16.840.1.113883.4.642.4.66",NameUse,NameUse,"The use of a human name.","ValueSet/name-use"
http://hl7.org/fhir/narrative-status,4.0.1,draft,"2.16.840.1.113883.4.642.4.56",NarrativeStatus,NarrativeStatus,"The status of a resource narrative.","ValueSet/narrative-status"
http://hl7.org/fhir/observation-status,4.0.1,active,"2.16.840.1.113883.4.642.4.401",ObservationStatus,ObservationStatus,"Codes providing the status of an observation.","ValueSet/observation-status"
http://hl7.org/fhir/publication-status,4.0.1,active,"2.16.840.1.113883.4.642.4.4",PublicationStatus,PublicationStatus,"The lifecycle status of an artifact.","ValueSet/publication-status"
http://hl7.org/fhir/quantity-comparator,4.0.1,active,"2.16.840.1.113883.4.642.4.60",QuantityComparator,QuantityComparator,"How the Quantity should be understood and represented.","ValueSet/quantity-comparator"
http://hl7.org/fhir/questionnaire-answers-status,4.0.1,draft,"2.16.840.1.113883.4.642.4.448",QuestionnaireResponseStatus,QuestionnaireResponseStatus,"Lifecycle status of the questionnaire response.","ValueSet/questionnaire-answers-status"
http://hl7.org/fhir/questionnaire-enable-behavior,4.0.1,draft,"2.16.840.1.113883.4.642.4.1008",EnableWhenBehavior,EnableWhenBehavior,"Controls how multiple enableWhen values are interpreted -  whether all or any must be true.","ValueSet/questionnaire-enable-behavior"
http://hl7.org/fhir/questionnaire-enable-operator,4.0.1,draft,"2.16.840.1.113883.4.642.4.1006",QuestionnaireItemOperator,QuestionnaireItemOperator,"The criteria by which a question is enabled.","ValueSet/questionnaire-enable-operator"
http://hl7.org/fhir/request-intent,4.0.1,draft,"2.16.840.1.113883.4.642.4.114",RequestIntent,RequestIntent,"Codes indicating the degree of authority/intentionality associated with a request.","ValueSet/request-intent,ValueSet/care-plan-intent"
http://hl7.org/fhir/request-priority,4.0.1,draft,"2.16.840.1.113883.4.642.4.116",RequestPriority,RequestPriority,"Identifies the level of importance to be assigned to actioning the request.","ValueSet/request-priority"
http://hl7.org/fhir/request-status,4.0.1,draft,"2.16.840.1.113883.4.642.4.112",RequestStatus,RequestStatus,"Codes identifying the lifecycle stage of a request.","ValueSet/request-status"
http://hl7.org/fhir/resource-types,4.0.1,active,,ResourceType,ResourceType,"One of the resource types defined as part of this version of FHIR.","ValueSet/resource-types,ValueSet/care-plan-activity-kind"
http://hl7.org/fhir/search-entry-mode,4.0.1,active,"2.16.840.1.113883.4.642.4.623",SearchEntryMode,SearchEntryMode,"Why an entry is in the result set - whether it's included as a match or because of an _include requirement, or to convey information or warning information about the search process.","ValueSet/search-entry-mode"
http://hl7.org/fhir/uv/ips/CodeSystem/absent-unknown-uv-ips,1.1.0,active,,AbsentAndUnknownDataUvIps,Absent and Unknown Data - IPS,"International Patient Summary (IPS) codes for ""known absent"" and ""not known"" data.","ValueSet/absent-or-unknown-problems-uv-ips"
http://loinc.org,3.1.0,active,"2.16.840.1.113883.6.1",LOINC,Logical Observation Identifiers, Names and Codes (LOINC),"LOINC provides a set of universal names and ID codes for identifying laboratory and clinical test results.1,2 LOINC facilitates the exchange and pooling of results, such as blood hemoglobin, serum potassium, or vital signs, for clinical care, outcomes management, and research. LOINC's universal identifiers (names and codes) can be used in the context of order and observation exchanges between information systems that use syntax standards such as HL73, CEN TC251, ISO TC215, ASTM4, and DICOM. Specifically, the identifier can be used as the coded value for an observation in any other standard that uses the observation/observation value paradigm, whether messages, documents, application programming interface (API), etc. For example, LOINC codes are used widely in the OBX segment Observation Identifier field (OBX-3) of an ORU HL7 (HL7 version 2.x or ASTM 1238-9410) message that may be sent between a Clinical Laboratory Information Management Systems (LIMS) and Electronic Health Record Systems (EHR).5, 6 In this way, LOINC codes provide universal identifiers that allow the exchange of clinical data between heterogeneous computing environments.","ValueSet/loinc-type-doc-code,ValueSet/FallHistoryResultVS-TWLTC,ValueSet/care-team-category,ValueSet/questionnaire-questions,ValueSet/vital-signs-tw,ValueSet/observation-codes,ValueSet/loinc-doc-section-code,ValueSet/observation-vitalsignresult,ValueSet/GoalDescriptionVS-TWLTC,ValueSet/loinc-document-classcodes"
http://ltc-ig.fhir.tw/CodeSystem/AddressUseCS-TWLTC,0.3.0,active,,AddressUseCSTWLTC,地址用途擴展識別碼,"地址用途的擴展識別碼，新增戶籍地與現居地等代碼","ValueSet/AddressUseVS-TWLTC"
http://ltc-ig.fhir.tw/CodeSystem/ConditionDisabilityCS-TWLTC,0.3.0,active,,ConditionDisabilityCSTWLTC,個案身心障礙手冊持有狀態代碼,"用於表述個案的身心障礙手冊持有狀態代碼。","ValueSet/ConditionDisabilityVS-TWLTC"
http://ltc-ig.fhir.tw/CodeSystem/ConditionDisabilityLegacyTypeCS-TWLTC,0.3.0,active,,ConditionDisabilityLegacyTypeCSTWLTC,個案身心障礙類型代碼（舊制）,"用於表述個案的身心障礙類型代碼（舊制）。","ValueSet/ConditionDisabilityTypeVS-TWLTC"
http://ltc-ig.fhir.tw/CodeSystem/ConditionDisabilityTypeCS-TWLTC,0.3.0,active,,ConditionDisabilityTypeCSTWLTC,個案身心障礙類型代碼（新制）,"用於表述個案的身心障礙類型代碼（新制）。","ValueSet/ConditionDisabilityTypeVS-TWLTC"
http://ltc-ig.fhir.tw/CodeSystem/EconomyStatusCS-TWLTC,0.3.0,active,,EconomyStatusCSTWLTC,經濟狀況代碼,"用於表述個案的經濟狀況，在長照機構住民經濟狀況 Extension 中使用。 此代碼比照警政署偵查筆錄制式格式之選項進行設計。","ValueSet/EconomyStatusVS-TWLTC"
http://ltc-ig.fhir.tw/CodeSystem/EducationStatusCS-TWLTC,0.3.0,active,,EducationStatusCSTWLTC,教育程度代碼,"用於表述個案的教育程度，在長照機構住民教育程度 Extension 中使用。","ValueSet/EducationStatusVS-TWLTC"
http://ltc-ig.fhir.tw/CodeSystem/GaitCycleCS-Sport,0.3.0,active,,GaitCycleCSSport,身體活動量測-步態週期,"一個步伐的完整過程，從一隻腳接觸地面開始到同一隻腳再次接觸地面結束。這個過程可以分為兩個主要階段：支撐期（stance phase）和擺動期（swing phase）。本 CodeSystem 繼承自身體活動量測 IG，後續將配合原始 IG 進行更新。","ValueSet/GaitCycleVS-Sport"
http://ltc-ig.fhir.tw/CodeSystem/ICD-10-PCS-2023-TW-F-CS,0.3.0,active,,ICD10PCS2023TWFCS,臺灣 2023 年中文版 ICD-10-PCS-F-復健及診斷性聽力學,"臺灣 2023 年中文版 ICD-10-PCS 復健及診斷性聽力學(Physical Rehabilitation and Diagnostic Audiology)，章節數值為「F」。 包括：復健、診斷性聽力學。 代碼出版日期：2023-11-10；資料所屬單位：衛生福利部中央健康保險署。 因原始資料無代碼版本資訊，故使用其法規「公布日期」作為版本資訊。本 CodeSystem 繼承自身體活動量測 IG，後續將配合原始 IG 進行更新。","ValueSet/ICD-10-PCS-2023-TW-F-VS"
http://ltc-ig.fhir.tw/CodeSystem/PatientIdentityCS-TWLTC,0.3.0,active,,PatientIdentityCSTWLTC,個案身分別代碼,"個案身分別代碼","ValueSet/PatientIdentityVS-TWLTC"
http://ltc-ig.fhir.tw/CodeSystem/ReferralCarePlanCS-TWLTC,0.3.0,active,,ReferralCarePlanCSTWLTC,轉介單申請服務種類代碼,"用於表述個案欲申請的服務項目。","ValueSet/ReferralCarePlanVS-TWLTC"
http://ltc-ig.fhir.tw/CodeSystem/ReferralConditionCaregiverCS-TWLTC,0.3.0,active,,ReferralConditionCaregiverCSTWLTC,轉介單看護狀況代碼,"用於表述個案雇用看護的狀況。","ValueSet/ReferralConditionCaregiverVS-TWLTC"
http://ltc-ig.fhir.tw/CodeSystem/ReferralConditionCrushCS-TWLTC,0.3.0,active,,ReferralConditionCrushCSTWLTC,轉介單壓傷狀況代碼,"用於表述個案的壓傷狀況。","ValueSet/ReferralConditionCrushVS-TWLTC"
http://ltc-ig.fhir.tw/CodeSystem/ReferralConditionResidenceCS-TWLTC,0.3.0,active,,ReferralConditionResidenceCSTWLTC,轉介單居住狀況代碼,"用於表述個案的居住狀況","ValueSet/ReferralConditionResidenceVS-TWLTC"
http://ltc-ig.fhir.tw/CodeSystem/ReferralConditionTubeCS-TWLTC,0.3.0,active,,ReferralConditionTubeCSTWLTC,轉介單管路狀況代碼,"用於表述轉介單的狀況代碼，包含身心障礙手冊、管路、壓傷、居住狀況、看護、主要問題及需求等。","ValueSet/ReferralConditionTubeVS-TWLTC"
http://ltc-ig.fhir.tw/CodeSystem/RelationshipTypeCS-TWLTC,0.3.0,active,,RelationshipTypeCSTWLTC,關係類型擴展代碼,"關係人與個案的關係類型擴展代碼，新增孫媳婦、孫女婿、聘用看護-本國籍、聘用看護-外國籍等代碼","ValueSet/RelationshipTypeVS-TWLTC"
http://ltc-ig.fhir.tw/CodeSystem/SportTrainingCS-Sport,0.3.0,active,,SportTrainingCS,身體活動量測-重量訓練代碼系統,"此代碼系統定義重量訓練各個方面的代碼，包括使用的重量、執行的組數以及每組的重複次數。本 CodeSystem 繼承自身體活動量測 IG，後續將配合原始 IG 進行更新。","ValueSet/SportTrainingVS-Sport"
http://ltc-ig.fhir.tw/CodeSystem/TempCodeCS-Sport,0.3.0,active,,TempCodeCSSport,身體活動量測-暫用代碼,"身體活動量測暫時使用的代碼，目前無官方代碼。本 CodeSystem 繼承自身體活動量測 IG，後續將配合官方代碼更新。","ValueSet/TempCodeVS-Sport"
http://snomed.info/sct,null,active,"2.16.840.1.113883.6.96",SNOMED_CT,SNOMED CT (all versions),"SNOMED CT is the most comprehensive and precise clinical health terminology product in the world, owned and distributed around the world by The International Health Terminology Standards Development Organisation (IHTSDO).","ValueSet/servicerequest-category,ValueSet/clinical-findings,ValueSet/condition-stage,ValueSet/participant-role,ValueSet/GoalDescriptionVS-TWLTC,ValueSet/approach-site-codes,ValueSet/medication-codes,ValueSet/body-site,ValueSet/manifestation-or-symptom,ValueSet/procedure-code,ValueSet/goal-start-event,ValueSet/reason-medication-not-given-codes,ValueSet/medication-as-needed-reason,ValueSet/health-professional-sct-tw,ValueSet/serviceRequest-category,ValueSet/referencerange-appliesto,ValueSet/c80-practice-codes,ValueSet/route-codes,ValueSet/care-plan-activity-outcome,ValueSet/condition-code,ValueSet/medical-department-sct-tw,ValueSet/condition-stage-type,ValueSet/observation-methods,ValueSet/care-plan-category,ValueSet/questionnaire-answers,ValueSet/servicerequest-orderdetail,ValueSet/administration-method-codes,ValueSet/condition-code-sct-tw,ValueSet/condition-severity"
http://terminology.hl7.org/CodeSystem/condition-category,1.0.1,active,"2.16.840.1.113883.4.642.1.1073",ConditionCategoryCodes,Condition Category Codes,"Preferred value set for Condition Categories.","ValueSet/condition-category"
http://terminology.hl7.org/CodeSystem/condition-clinical,3.0.0,active,"2.16.840.1.113883.4.642.1.1074",ConditionClinicalStatusCodes,Condition Clinical Status Codes,"Preferred value set for Condition Clinical Status.","ValueSet/condition-clinical"
http://terminology.hl7.org/CodeSystem/condition-ver-status,2.0.1,active,"2.16.840.1.113883.4.642.1.1075",ConditionVerificationStatus,ConditionVerificationStatus,"The verification status to support or decline the clinical status of the condition or diagnosis.","ValueSet/condition-ver-status"
http://terminology.hl7.org/CodeSystem/contactentity-type,1.0.0,draft,"2.16.840.1.113883.4.642.1.1129",ContactEntityType,Contact entity type,"This example value set defines a set of codes that can be used to indicate the purpose for which you would contact a contact party.","ValueSet/contactentity-type"
http://terminology.hl7.org/CodeSystem/data-absent-reason,1.0.0,active,"2.16.840.1.113883.4.642.4.1048",DataAbsentReason,DataAbsentReason,"Used to specify why the normally expected content of the data element is missing.","ValueSet/data-absent-reason"
http://terminology.hl7.org/CodeSystem/goal-achievement,1.0.1,active,"2.16.840.1.113883.4.642.1.1375",GoalAchievementStatus,Goal achievement status,"Describes the progression, or lack thereof, towards the goal against the target.","ValueSet/goal-achievement"
http://terminology.hl7.org/CodeSystem/goal-category,2.0.0,active,"2.16.840.1.113883.4.642.1.1097",GoalCategory,Goal category,"Codes for grouping goals to use for filtering or presentation.","ValueSet/goal-category"
http://terminology.hl7.org/CodeSystem/goal-priority,1.0.1,active,"2.16.840.1.113883.4.642.1.1096",GoalPriority,Goal priority,"Indicates the level of importance associated with reaching or sustaining a goal.","ValueSet/goal-priority"
http://terminology.hl7.org/CodeSystem/list-empty-reason,1.0.1,active,"2.16.840.1.113883.4.642.1.1106",ListEmptyReasons,List Empty Reasons,"General reasons for a list to be empty. Reasons are either related to a summary list (i.e. problem or medication list) or to a workflow related list (i.e. consultation list).","ValueSet/list-empty-reason"
http://terminology.hl7.org/CodeSystem/list-order,1.0.1,active,"2.16.840.1.113883.4.642.1.1107",ListOrderCodes,List Order Codes,"Base values for the order of the items in a list resource.","ValueSet/list-order"
http://terminology.hl7.org/CodeSystem/med-admin-perform-function,1.0.1,active,"2.16.840.1.113883.4.642.1.1112",MedicationAdministrationPerformerFunctionCodes,MedicationAdministration Performer Function Codes,"MedicationAdministration Performer Function Codes","ValueSet/med-admin-perform-function"
http://terminology.hl7.org/CodeSystem/medication-admin-category,4.0.1,draft,"2.16.840.1.113883.4.642.4.1111",MedicationAdministration Category Codes,Medication administration  category  codes,"MedicationAdministration Category Codes","ValueSet/medication-admin-category"
http://terminology.hl7.org/CodeSystem/medication-admin-status,4.0.1,draft,"2.16.840.1.113883.4.642.4.1311",MedicationAdministration Status Codes,Medication administration  status  codes,"MedicationAdministration Status Codes","ValueSet/medication-admin-status"
http://terminology.hl7.org/CodeSystem/observation-category,1.0.1,active,"2.16.840.1.113883.4.642.1.1125",ObservationCategoryCodes,Observation Category Codes,"Observation Category codes.","ValueSet/category-code-tw,ValueSet/observation-category"
http://terminology.hl7.org/CodeSystem/organization-type,2.0.1,active,"2.16.840.1.113883.4.642.1.1128",OrganizationType,Organization type,"This example value set defines a set of codes that can be used to indicate a type of organization.","ValueSet/organization-type"
http://terminology.hl7.org/CodeSystem/reason-medication-given,1.0.1,active,"2.16.840.1.113883.4.642.1.1110",ReasonMedicationGivenCodes,Reason Medication Given Codes,"This value set is provided as an example. The value set to instantiate this attribute should be drawn from a robust terminology code system that consists of or contains concepts to support the medication process.","ValueSet/reason-medication-given-codes"
http://terminology.hl7.org/CodeSystem/referencerange-meaning,1.0.1,active,"2.16.840.1.113883.4.642.1.1124",ObservationReferenceRangeMeaningCodes,Observation Reference Range Meaning Codes,"This value set defines a set of codes that can be used to indicate the meaning/use of a reference range for a particular target population.","ValueSet/referencerange-meaning"
http://terminology.hl7.org/CodeSystem/v2-0131,2.1.0,active,"2.16.840.1.113883.18.58",ContactRole2,contactRole2,"Code system of concepts which specify a relationship role that the next of kin/associated parties plays with regard to the patient. Also used in referrals, for example, it may be necessary to identify the contact representative at the clinic that sent a referral. Used in HL7 Version 2 messaging in the NK1 and CTD segments after 2.5, when it replace 2.16.840.1.113883.18.57.","ValueSet/RelationshipTypeVS-TWLTC,ValueSet/relatedperson-relationshiptype"
http://terminology.hl7.org/CodeSystem/v2-0203,5.0.0,active,"2.16.840.1.113883.18.108",IdentifierType,identifierType,"HL7-defined code system of concepts specifying type of identifier. Used in HL7 Version 2.x messaging data types CX, PLN, PPN, XCN and XON.","ValueSet/identifier-type,ValueSet/identifier-type-tw"
http://terminology.hl7.org/CodeSystem/v3-ActCode,9.0.0,active,"2.16.840.1.113883.5.4",ActCode,ActCode,"A code specifying the particular kind of Act that the Act-instance represents within its class.    *Constraints:* The kind of Act (e.g. physical examination, serum potassium, inpatient encounter, charge financial transaction, etc.) is specified with a code from one of several, typically external, coding systems. The coding system will depend on the class of Act, such as LOINC for observations, etc.    Conceptually, the Act.code must be a specialization of the Act.classCode. This is why the structure of ActClass domain should be reflected in the superstructure of the ActCode domain and then individual codes or externally referenced vocabularies subordinated under these domains that reflect the ActClass structure.    Act.classCode and Act.code are not modifiers of each other but the Act.code concept should really imply the Act.classCode concept. For a negative example, it is not appropriate to use an Act.code ""potassium"" together with and Act.classCode for ""laboratory observation"" to somehow mean ""potassium laboratory observation"" and then use the same Act.code for ""potassium"" together with Act.classCode for ""medication"" to mean ""substitution of potassium"". This mutually modifying use of Act.code and Act.classCode is not permitted.","ValueSet/v3-ActCode"
http://terminology.hl7.org/CodeSystem/v3-Confidentiality,3.0.0,active,"2.16.840.1.113883.5.25",Confidentiality,Confidentiality,"A set of codes specifying the security classification of acts and roles in accordance with the definition for concept domain ""Confidentiality"".","ValueSet/v3-ConfidentialityClassification"
http://terminology.hl7.org/CodeSystem/v3-MaritalStatus,3.0.0,active,"2.16.840.1.113883.5.2",MaritalStatus,MaritalStatus,"\* \* \* No description supplied \* \* \*    *Open Issue:* The specific meanings of these codes can vary somewhat by jurisdiction and implementation so caution should be used when determining equivalency.    *Open Issue:* fixing and completion of the hierarchy and proper good definitions of all the concepts is badly needed.","ValueSet/marital-status"
http://terminology.hl7.org/CodeSystem/v3-NullFlavor,3.0.0,active,"2.16.840.1.113883.5.1008",NullFlavor,NullFlavor,"A collection of codes specifying why a valid value is not present.","ValueSet/marital-status"
http://terminology.hl7.org/CodeSystem/v3-ObservationInterpretation,3.0.0,active,"2.16.840.1.113883.5.83",ObservationInterpretation,ObservationInterpretation,"One or more codes providing a rough qualitative interpretation of the observation, such as ""normal"" / ""abnormal"", ""low"" / ""high"", ""better"" / ""worse"", ""resistant"" / ""susceptible"", ""expected"" / ""not expected"". The value set is intended to be for ANY use where coded representation of an interpretation is needed.","ValueSet/observation-interpretation"
http://terminology.hl7.org/CodeSystem/v3-RoleCode,3.0.0,active,"2.16.840.1.113883.5.111",RoleCode,RoleCode,"A set of codes further specifying the kind of Role; specific classification codes for further qualifying RoleClass codes.","ValueSet/RelationshipTypeVS-TWLTC,ValueSet/relatedperson-relationshiptype,ValueSet/v3-ServiceDeliveryLocationRoleType"
http://unitsofmeasure.org,3.0.1,active,"2.16.840.1.113883.6.8",UCUM,Unified Code for Units of Measure (UCUM),"The Unified Code for Units of Measure (UCUM) is a code system intended to include all units of measures being contemporarily used in international science, engineering, and business. The purpose is to facilitate unambiguous electronic communication of quantities together with their units. The focus is on electronic communication, as opposed to communication between humans. A typical application of The Unified Code for Units of Measure are electronic data interchange (EDI) protocols, but there is nothing that prevents it from being used in other types of machine communication.","ValueSet/ucum-vitals-common"
https://twcore.mohw.gov.tw/ig/twcore/CodeSystem/category-code-tw,2024-08-31,active,,TWCategoryCode,臺灣衛福部資訊處類型代碼,"臺灣衛福部資訊處類型代碼，  代碼出版日期：2024-08-31；資料所屬單位：衛生福利部資訊處。   ","ValueSet/serviceRequest-category,ValueSet/category-code-tw"
https://twcore.mohw.gov.tw/ig/twcore/CodeSystem/health-professional-tw,2022-01-28,active,,TWHealthProfessional,臺灣醫事司醫事人員類別,"臺灣醫事司醫事人員類別，參照至[醫事人員基本資料檔](https://www.google.com/url?client=internal-element-cse&cx=012254495936870409035:lzvyrg0mtim&q=https://www.mohw.gov.tw/dl-40452-1441ca2e-cde9-4345-b681-f9a20d5176b5.html&sa=U&ved=2ahUKEwjg5MCYrZn5AhUTI6YKHV6mC_s4FBAWegQIBBAC&usg=AOvVaw1q62t2W0hhdi0WC6e_nh1m)中的「人員類別（2022/01/28修訂）」。  代碼出版日期：2022-01-28；資料所屬單位：衛生福利部醫事司。  *因原始資料無代碼版本資訊，故使用其「更新日期」作為版本資訊。*","ValueSet/health-professional-sct-tw"
https://twcore.mohw.gov.tw/ig/twcore/CodeSystem/icd-10-cm-2014-tw,2017-07-19,active,,TW2014ICD10CM,臺灣健保署2014年中文版ICD-10-CM,"臺灣健保署2014年中文版ICD-10-CM，參照至[https://www.nhi.gov.tw/Content_List.aspx?n=3C0BD93EC042CC67&topn=23C660CAACAA159D](https://www.nhi.gov.tw/Content_List.aspx?n=3C0BD93EC042CC67&topn=23C660CAACAA159D)。    代碼出版日期：2022-07-29；資料所屬單位：衛生福利部中央健康保險署。    *因原始資料無代碼版本資訊，故使用其法規「公布日期」作為版本資訊。*    因代碼量較大會使載入頁面時間較長，為方便使用者瀏覽，此處(本頁、XML、JSON、TTL)僅擷取部分代碼，完整代碼可至[全國專門術語服務平臺－臺灣健保署2014年中文版ICD-10-CM](https://fhir.mohw.gov.tw/ts/codesystemRead.jsp?id=icd-10-cm-2014-tw&status=active&version=2017-07-19&metaId=1&codeStatus=use&show=Y)查閱","ValueSet/icd-10-cm-2014-tw"
https://twcore.mohw.gov.tw/ig/twcore/CodeSystem/icd-10-cm-2021-tw,2022-07-29,active,,TW2021ICD10CM,臺灣健保署2021年中文版ICD-10-CM,"臺灣健保署2021年中文版ICD-10-CM，參照至[https://www.nhi.gov.tw/Content_List.aspx?n=3C0BD93EC042CC67&topn=23C660CAACAA159D](https://www.nhi.gov.tw/Content_List.aspx?n=3C0BD93EC042CC67&topn=23C660CAACAA159D)。      代碼出版日期：2022-07-29；資料所屬單位：衛生福利部中央健康保險署。    *因原始資料無代碼版本資訊，故使用其法規「公布日期」作為版本資訊。*    因代碼量較大會使載入頁面時間較長，為方便使用者瀏覽，此處(本頁、XML、JSON、TTL)僅擷取部分代碼，完整代碼可至[全國專門術語服務平臺－臺灣健保署2021年中文版ICD-10-CM](https://fhir.mohw.gov.tw/ts/codesystemRead.jsp?id=icd-10-cm-2021-tw&status=active&version=2022-07-29&metaId=1&codeStatus=use&show=Y)查閱","ValueSet/icd-10-cm-2021-tw"
https://twcore.mohw.gov.tw/ig/twcore/CodeSystem/icd-10-pcs-2014-tw,2017-07-19,active,,TW2014ICD10PCS,臺灣健保署2014年中文版ICD-10-PCS,"臺灣健保署2014年中文版ICD-10-PCS，參照至[2014年版_中文版ICD-10-CM/PCS](https://www.nhi.gov.tw/ch/cp-6073-50654-3053-1.html)中的「中文版ICD-10-PCS(112.05.09更新)」。   代碼出版日期：2014-07-17；資料所屬單位：衛生福利部中央健康保險署。  *因原始資料無代碼版本資訊，故使用其法規「公布日期」作為版本資訊。*  因代碼量較大會使載入頁面時間較長，為方便使用者瀏覽，此處(本頁、XML、JSON、TTL)僅擷取部分代碼，完整代碼可至[全國專門術語服務平臺－臺灣健保署2014年中文版ICD-10-PCS](https://fhir.mohw.gov.tw/ts/codesystemRead.jsp?id=icd-10-pcs-2014-tw&version=2017-07-19&metaId=1&status=active&codeStatus=use&show=Y)查閱  ","ValueSet/icd-10-pcs-2014-tw"
https://twcore.mohw.gov.tw/ig/twcore/CodeSystem/icd-10-pcs-2021-tw,2022-07-29,active,,TW2021ICD10PCS,臺灣2021年中文版ICD-10-PCS,"臺灣2021年中文版ICD-10-PCS，參照至[https://www.nhi.gov.tw/Content_List.aspx?n=3C0BD93EC042CC67&topn=23C660CAACAA159D](https://www.nhi.gov.tw/Content_List.aspx?n=3C0BD93EC042CC67&topn=23C660CAACAA159D)。      代碼出版日期：2022-07-29；資料所屬單位：衛生福利部中央健康保險署。    *因原始資料無代碼版本資訊，故使用其法規「公布日期」作為版本資訊。*    因代碼量較大會使載入頁面時間較長，為方便使用者瀏覽，此處(本頁、XML、JSON、TTL)僅擷取部分代碼，完整代碼可至[全國專門術語服務平臺－臺灣健保署2021年中文版ICD-10-PCS](https://fhir.mohw.gov.tw/ts/codesystemRead.jsp?id=icd-10-pcs-2021-tw&status=active&version=2022-07-29&metaId=1&codeStatus=use&show=Y)查閱","ValueSet/icd-10-pcs-2021-tw"
https://twcore.mohw.gov.tw/ig/twcore/CodeSystem/icd-9-cm-2001-tw,2023-05-09,active,,TW2001ICD9CM,臺灣健保署2001年中文版ICD-9-CM,"臺灣健保署2001年中文版ICD-9-CM，參照至[https://www.nhi.gov.tw/Content_List.aspx?n=C1C92AB9ED30A9FD&topn=23C660CAACAA159D](https://www.nhi.gov.tw/Content_List.aspx?n=C1C92AB9ED30A9FD&topn=23C660CAACAA159D)。    代碼出版日期：2023-05-09；資料所屬單位：衛生福利部中央健康保險署。    *因原始資料無代碼版本資訊，故使用其「更新日期」作為版本資訊。*        因代碼量較大會使載入頁面時間較長，為方便使用者瀏覽，此處(本頁、XML、JSON、TTL)僅擷取部分代碼，完整代碼可至[全國專門術語服務平臺－臺灣健保署2001年中文版ICD-9-CM](https://twcore.mohw.gov.tw/ts/codesystemRead.jsp?id=icd-9-cm-2001-tw&status=active&version=2023-05-09&metaId=1&codeStatus=use&show=Y)查閱","ValueSet/icd-9-cm-2001-tw"
https://twcore.mohw.gov.tw/ig/twcore/CodeSystem/medical-consultation-department-nhi-tw,2024-05-27,active,,TWMedicalConsultationDepartmentNHI,臺灣健保署就醫科別,"臺灣健保署就醫科別，參照至[健保署檔案譯碼簿](https://www.nhi.gov.tw/ch/cp-1880-20811-3142-1.html)中的「就醫科別（2022/8/2版本）」。  代碼出版日期：2024-05-27；資料所屬單位：衛生福利部中央健康保險署。  *因原始資料無代碼版本資訊，故使用其「更新日期」作為版本資訊。*","ValueSet/medical-consultation-department-tw"
https://twcore.mohw.gov.tw/ig/twcore/CodeSystem/medical-service-payment-tw,2024-11-29,active,,TWMedicalServicePayment,臺灣健保署醫療服務給付項目,"臺灣健保署醫療服務給付項目，參照至[全民健康保險醫療服務給付項目及支付標準](https://www.nhi.gov.tw/ch/cp-5943-f1cce-2821-1.html)中的「醫療服務給付項目(113.05.01生效) (113.04.23更新)」。    代碼出版日期：2022-07-01；資料所屬單位：衛生福利部中央健康保險署。  *因原始資料無代碼版本資訊，故使用其「生效日期」作為版本資訊。*  因代碼量較大會使載入頁面時間較長，為方便使用者瀏覽，此處(本頁、XML、JSON、TTL)僅擷取部分代碼，完整代碼可至[全國專門術語服務平臺－代碼系統(Code System)](https://fhir.mohw.gov.tw/ts/codesystem.jsp)查閱  ","ValueSet/procedure-tw"
https://twcore.mohw.gov.tw/ig/twcore/CodeSystem/medical-treatment-department-nhi-tw,2024-05-27,active,,TWMedicalTreatmentDepartmentNHI,臺灣健保署診療科別,"臺灣健保署診療科別，參照至[健保署檔案譯碼簿](https://www.nhi.gov.tw/ch/cp-1880-20811-3142-1.html)中的「診療科別（2022/8/2版本）」。     代碼出版日期：2024-05-27；資料所屬單位：衛生福利部中央健康保險署。  *因原始資料無代碼版本資訊，故使用其「更新日期」作為版本資訊。*","ValueSet/medical-treatment-department-tw"
https://twcore.mohw.gov.tw/ig/twcore/CodeSystem/postal-code3-tw,2023-12-28,active,,TWPostalCode3,臺灣中華郵政3碼郵遞區號,"臺灣中華郵政3碼郵遞區號，參照自[https://www.post.gov.tw/post/internet/Download/index.jsp?ID=2292](https://www.post.gov.tw/post/internet/Download/index.jsp?ID=2292)。屬性命名以與國際的等級一致為主，未採用中華郵政提供之英文名稱。   \n代碼出版日期：2015-01-22；資料所屬單位：中華郵政。","ValueSet/postal-code3-tw"
https://twcore.mohw.gov.tw/ig/twcore/CodeSystem/postal-code5-tw,2022-06-21,active,,TWPostalCode5,臺灣中華郵政5碼郵遞區號,"臺灣中華郵政5碼郵遞區號，參照自[郵遞區號(含轉碼軟體)](https://www.post.gov.tw/post/internet/Download/index.jsp?ID=220306)中的『3+3郵遞區號查詢應用系統』。屬性命名以與國際的等級一致為主，未採用中華郵政提供之英文名稱。   代碼出版日期：2022-06-21；資料所屬單位：中華郵政。  *因原始資料無代碼版本資訊，故使用其「更新日期」作為版本資訊。*  因代碼量較大會使載入頁面時間較長，為方便使用者瀏覽，此處(本頁、XML、JSON、TTL)僅擷取部分代碼，完整代碼可至[全國專門術語服務平臺－臺灣中華郵政5碼郵遞區號](https://fhir.mohw.gov.tw/ts/codesystemRead.jsp?id=postal-code5-tw&status=active&version=2022-06-21&metaId=1&codeStatus=use&show=Y)查閱  ","ValueSet/postal-code5-tw"
https://twcore.mohw.gov.tw/ig/twcore/CodeSystem/postal-code6-tw,2024-06-28,active,,TWPostalCode6,臺灣6碼郵遞區號,"臺灣中華郵政6碼郵遞區號，參照自[郵遞區號(含轉碼軟體)](https://www.post.gov.tw/post/internet/Download/index.jsp?ID=220306)中的『3+3郵遞區號查詢應用系統』。屬性命名以與國際的等級一致為主，未採用中華郵政提供之英文名稱。     代碼出版日期：2020-10-22；資料所屬單位：中華郵政。  *因原始資料無代碼版本資訊，故使用其公開授權聲明之「更新日期」作為版本資訊。*  因代碼量較大會使載入頁面時間較長，為方便使用者瀏覽，此處(本頁、XML、JSON、TTL)僅擷取部分代碼，完整代碼可至[全國專門術語服務平臺－臺灣中華郵政6碼郵遞區號](https://fhir.mohw.gov.tw/ts/codesystemRead.jsp?id=postal-code6-tw&status=active&version=2022-06-21&metaId=1&codeStatus=use&show=Y)查閱。   * 2024/7/8異動說明：2024-06-28版的6碼郵遞區號代碼中新增、刪除、修改代碼量較大會使載入頁面時間較長，完整異動代碼說明請至[全國專門術語服務平臺－臺灣中華郵政6碼郵遞區號](https://fhir.mohw.gov.tw/ts/codesystemRead.jsp?id=postal-code6-tw&status=active&version=2022-06-21&metaId=5&codeStatus=use&show=Y)查閱。 ","ValueSet/postal-code6-tw"
https://twcore.mohw.gov.tw/ig/twcore/CodeSystem/v2-0203,2022-07-31,active,,TWIdentifierType_V20203,臺灣衛福部資訊處識別碼類型,"臺灣衛福部資訊處識別碼類型，   代碼出版日期：2022-07-31；資料所屬單位：衛生福利部資訊處。   ","ValueSet/identifier-type-tw"
https://twcore.mohw.gov.tw/ig/twcore/ValueSet/icd-10-cm-2023-tw,2024-11-18,active,,TW2023ICD10CM,臺灣健保署2023年中文版ICD-10-CM,"臺灣健保署2023年中文版ICD-10-CM，參照至臺灣健保署2023年中文版ICD-10-CM，參照至[國際疾病分類第 10 版](https://www.nhi.gov.tw/ch/np-3049-1.html)，由於資料會隨代碼更新而變動，本資料的來源位置可能已更新為最新版代碼，原資料已被覆蓋。       代碼出版日期：2024-01-31；資料所屬單位：衛生福利部中央健康保險署。  *因原始資料無代碼版本資訊，故使用其法規「公布日期」作為版本資訊。*  因代碼量較大會使載入頁面時間較長，為方便使用者瀏覽，此處(本頁、XML、JSON、TTL)僅擷取部分代碼，完整代碼可至[全國專門術語服務平臺](https://fhir.mohw.gov.tw/ts/codesystem.jsp)查閱  ","ValueSet/icd-10-cm-2023-tw"
https://twcore.mohw.gov.tw/ig/twcore/ValueSet/icd-10-pcs-2023-tw,2024-11-18,active,,TW2023ICD10PCS,臺灣健保署2023年中文版ICD-10-PCS,"臺灣健保署2023年中文版ICD-10-PCS，參照至臺灣健保署2023年中文版ICD-10-PCS，參照至[國際疾病分類第 10 版](https://www.nhi.gov.tw/ch/np-3049-1.html)，由於資料會隨代碼更新而變動，本資料的來源位置可能已更新為最新版代碼，原資料已被覆蓋。       代碼出版日期：2024-11-18；資料所屬單位：衛生福利部中央健康保險署。  *因原始資料無代碼版本資訊，故使用其法規「公布日期」作為版本資訊。*  因代碼量較大會使載入頁面時間較長，為方便使用者瀏覽，此處(本頁、XML、JSON、TTL)僅擷取部分代碼，完整代碼可至[全國專門術語服務平臺](https://fhir.mohw.gov.tw/ts/codesystem.jsp)查閱  ","ValueSet/icd-10-pcs-2023-tw"
urn:ietf:bcp:47,2.0.1,active,"2.16.840.1.113883.6.121",Ietf3066,Tags for the Identification of Languages,"Older value from OID registry.  Superceded; see recommendations in BCP-47.","ValueSet/languages"
urn:iso:std:iso:3166,1.0.0,active,"1.0.3166.1",ISO3166Part1,ISO 3166-1 Codes for the representation of names of countries and their subdivisions — Part 1: Country code,"ISO 3166-1 establishes codes that represent the current names of countries, dependencies, and other areas of particular geopolitical interest, on the basis of country names obtained from the United Nations.","ValueSet/jurisdiction"
urn:iso:std:iso:3166:-2,2013-11,retired,"1.0.3166.2",Iso3166_2,ISO 3166 Part 2 Country Subdivision Codes,"Identifies the coding system published in the ISO 3166-2 Standard for Country Subdivision codes. This standard is released periodically, and a new OID will be assigned by ISO for new editions.","ValueSet/jurisdiction"
